{
    "colors": [
        [0, "ffffffff"],
        [1, "7d8080ff"],
        [2, "292929ff"],
        [21, "1c1c1cff"],
        [22, "4CC299ff"],
        [23, "388C70ff"],
        [15, "1c1c1cff"],
        [18, "1c1c1cff"],
        [19, "1c1c1cff"],
        [24, "1c1c1cff"],
        [7, "212121ff"],
        [8, "212121ff"],
        [9, "212121ff"],
        [14, "212121ff"],
        [22, "999999ff"],
        [25, "4dc299ff"],
        [23, "388c70ff"],
        [26, "388c70ff"],
        [10, "4dbf9cff"],
        [11, "4dbf9cff"],
        [12, "4dbf9cff"]
    ],
    "floats": [
        [10, 4],
        [11, 4],
        [12, 4],
        [13, 2],
        [14, 12],
        [15, 2],
        [16, 8],
        [17, 6],
        [18, 0.5],
        [19, 0.5],
        [4, 25],
        [5, 15],
        [6, 9],
        [7, 5],
        [8, 3],
        [20, 32],
        [21, 32],
        [22, 0],
        [23, 0]
    ],
    "options": {
        "style": 1,
        "layout": 0,
        "font": "Poppins.ttf"
    }
}